<?xml version="1.0" encoding="UTF-8"?>
<project-private xmlns="http://www.netbeans.org/ns/project-private/1">
    <editor-bookmarks xmlns="http://www.netbeans.org/ns/editor-bookmarks/2" lastBookmarkId="0"/>
    <open-files xmlns="http://www.netbeans.org/ns/projectui-open-files/2">
        <group>
            <file>file:/C:/Users/vilso/OneDrive/Documentos/NetBeansProjects/locacarCompleto/RestAPI/web/index.html</file>
            <file>file:/C:/Users/vilso/OneDrive/Documentos/NetBeansProjects/locacarCompleto/RestAPI/src/java/resource/ProdutoResource.java</file>
            <file>file:/C:/Users/vilso/OneDrive/Documentos/NetBeansProjects/locacarCompleto/RestAPI/src/java/entity/Product.java</file>
        </group>
    </open-files>
</project-private>
